<meta>
    <script src="client.lua" type="client" cache="false" />
    <script src="server.lua" type="server" />
   	<file src="font/icons.ttf" cache="false"/>	
	<file src="font/font.ttf" cache="false" />
	<file src="font/font1.ttf" cache="false" />
	<file src="font/OpenSans-Bold.ttf" cache="false" />
	<file src="font/fontNick.ttf" cache="false" />
	<file src="font/gotham_light.ttf" cache="false" />
	<file src="vida-colete.png" cache="false" />
	<file src="vida-colete2.png" cache="false" />
	<file src="vida.png" cache="false" />
	<file src="cinto.png" cache="false" />
	<file src="farol.png" cache="false" />
	<file src="gas.png" cache="false" />
	<file src="rot.png" cache="false" />
	<file src="seta.png" cache="false" />
	<file src="velocimetro.png" cache="false" />
</meta>