<meta>
	<info author="Ren712" version="1.1.4" type="misc" name="Radar3D" />
	<min_mta_version client="1.5.0" server="1.5.0" />
	<script src="c_radar3D.lua" type="client" cache="false"/>
	<script src="c_exported_functions.lua" type="client" cache="false"/>
	<file src="fx/image3D_manual.fx" type="client"/>
	<file src="radar_mask.png"/>
	<file src="fx/image3D_manual_quad.fx" type="client"/>
	<file src="fx/image2D_manual_blip.fx" type="client"/>
	<file src="fx/image3D_manual_bezier.fx" type="client"/>
	<file src="fx/image3D_manual_line.fx" type="client"/>
	<file src="fx/mask.fx" type="client"/>
	<file src="fx/matrix.fx" type="client"/>
	<file src="tex/radar/tile_0_0.dds" type="client"/>
    <file src="tex/radar/tile_0_1.dds" type="client"/>
    <file src="tex/radar/tile_0_2.dds" type="client"/>
    <file src="tex/radar/tile_0_3.dds" type="client"/>
    <file src="tex/radar/tile_0_4.dds" type="client"/>
    <file src="tex/radar/tile_0_5.dds" type="client"/>
    <file src="tex/radar/tile_1_0.dds" type="client"/>
    <file src="tex/radar/tile_1_1.dds" type="client"/>
    <file src="tex/radar/tile_1_2.dds" type="client"/>
    <file src="tex/radar/tile_1_3.dds" type="client"/>
    <file src="tex/radar/tile_1_4.dds" type="client"/>
    <file src="tex/radar/tile_1_5.dds" type="client"/>
    <file src="tex/radar/tile_2_0.dds" type="client"/>
    <file src="tex/radar/tile_2_1.dds" type="client"/>
    <file src="tex/radar/tile_2_2.dds" type="client"/>
    <file src="tex/radar/tile_2_3.dds" type="client"/>
    <file src="tex/radar/tile_2_4.dds" type="client"/>
    <file src="tex/radar/tile_2_5.dds" type="client"/>
    <file src="tex/radar/tile_3_0.dds" type="client"/>
    <file src="tex/radar/tile_3_1.dds" type="client"/>
    <file src="tex/radar/tile_3_2.dds" type="client"/>
    <file src="tex/radar/tile_3_3.dds" type="client"/>
    <file src="tex/radar/tile_3_4.dds" type="client"/>
    <file src="tex/radar/tile_3_5.dds" type="client"/>
    <file src="tex/radar/tile_4_0.dds" type="client"/>
    <file src="tex/radar/tile_4_1.dds" type="client"/>
    <file src="tex/radar/tile_4_2.dds" type="client"/>
    <file src="tex/radar/tile_4_3.dds" type="client"/>
    <file src="tex/radar/tile_4_4.dds" type="client"/>
    <file src="tex/radar/tile_4_5.dds" type="client"/>
    <file src="tex/radar/tile_5_0.dds" type="client"/>
    <file src="tex/radar/tile_5_1.dds" type="client"/>
    <file src="tex/radar/tile_5_2.dds" type="client"/>
    <file src="tex/radar/tile_5_3.dds" type="client"/>
    <file src="tex/radar/tile_5_4.dds" type="client"/>
    <file src="tex/radar/tile_5_5.dds" type="client"/>
	<file src="tex/blip/0.png" type="client"></file>
	<file src="tex/blip/1.png" type="client"></file>
	<file src="tex/blip/2.png" type="client"></file>
	<file src="tex/blip/3.png" type="client"></file>
	<file src="tex/blip/4.png" type="client"></file>
	<file src="tex/blip/5.png" type="client"></file>
	<file src="tex/blip/6.png" type="client"></file>
	<file src="tex/blip/7.png" type="client"></file>
	<file src="tex/blip/8.png" type="client"></file>
	<file src="tex/blip/9.png" type="client"></file>
	<file src="tex/blip/10.png" type="client"></file>
	<file src="tex/blip/11.png" type="client"></file>
	<file src="tex/blip/12.png" type="client"></file>
	<file src="tex/blip/13.png" type="client"></file>
	<file src="tex/blip/14.png" type="client"></file>
	<file src="tex/blip/15.png" type="client"></file>
	<file src="tex/blip/16.png" type="client"></file>
	<file src="tex/blip/17.png" type="client"></file>
	<file src="tex/blip/18.png" type="client"></file>
	<file src="tex/blip/19.png" type="client"></file>
	<file src="tex/blip/20.png" type="client"></file>
	<file src="tex/blip/21.png" type="client"></file>
	<file src="tex/blip/22.png" type="client"></file>
	<file src="tex/blip/23.png" type="client"></file>
	<file src="tex/blip/24.png" type="client"></file>
	<file src="tex/blip/25.png" type="client"></file>
	<file src="tex/blip/26.png" type="client"></file>
	<file src="tex/blip/27.png" type="client"></file>
	<file src="tex/blip/28.png" type="client"></file>
	<file src="tex/blip/29.png" type="client"></file>
	<file src="tex/blip/30.png" type="client"></file>
	<file src="tex/blip/31.png" type="client"></file>
	<file src="tex/blip/32.png" type="client"></file>
	<file src="tex/blip/33.png" type="client"></file>
	<file src="tex/blip/34.png" type="client"></file>
	<file src="tex/blip/35.png" type="client"></file>
	<file src="tex/blip/36.png" type="client"></file>
	<file src="tex/blip/37.png" type="client"></file>
	<file src="tex/blip/38.png" type="client"></file>
	<file src="tex/blip/39.png" type="client"></file>
	<file src="tex/blip/40.png" type="client"></file>
	<file src="tex/blip/41.png" type="client"></file>
	<file src="tex/blip/42.png" type="client"></file>
	<file src="tex/blip/43.png" type="client"></file>
	<file src="tex/blip/44.png" type="client"></file>
	<file src="tex/blip/45.png" type="client"></file>
	<file src="tex/blip/46.png" type="client"></file>
	<file src="tex/blip/47.png" type="client"></file>
	<file src="tex/blip/48.png" type="client"></file>
	<file src="tex/blip/49.png" type="client"></file>
	<file src="tex/blip/50.png" type="client"></file>
	<file src="tex/blip/51.png" type="client"></file>
	<file src="tex/blip/52.png" type="client"></file>
	<file src="tex/blip/53.png" type="client"></file>
	<file src="tex/blip/54.png" type="client"></file>
	<file src="tex/blip/55.png" type="client"></file>
	<file src="tex/blip/56.png" type="client"></file>
	<file src="tex/blip/57.png" type="client"></file>
	<file src="tex/blip/58.png" type="client"></file>
	<file src="tex/blip/59.png" type="client"></file>
	<file src="tex/blip/60.png" type="client"></file>
	<file src="tex/blip/61.png" type="client"></file>
	<file src="tex/blip/62.png" type="client"></file>
	<file src="tex/blip/63.png" type="client"></file>
	<file src="tex/blip/64.png" type="client"></file>
	<file src="tex/blip/65.png" type="client"></file>

	<export function="createCustomBlip" type="client" />
	<export function="destroyCustomBlip" type="client" />
	<export function="setCustomBlipTexture" type="client" />
	<export function="setCustomBlipPosition" type="client" />
	<export function="setCustomBlipColor" type="client" />
	<export function="setCustomBlipSize" type="client" />
	<export function="setCustomBlipVisibleDistance" type="client" />
	<export function="setBlipInterior" type="client" />
	<export function="setBlipDimension" type="client" />
	
	<export function="createCustomTile" type="client" />
	<export function="destroyCustomTile" type="client" />
	<export function="setCustomTileTexture" type="client" />
	<export function="setCustomTilePosition" type="client" />
	<export function="setCustomTileRotation" type="client" />
	<export function="setCustomTileColor" type="client" />
	<export function="setCustomTileSize" type="client" />
	<export function="setCustomTileBillboard" type="client" />
	<export function="setCustomTileCullMode" type="client" />
	<export function="setTileInterior" type="client" />
	
	
	<export function="utvonalTervezes" type="client" />	
	
	<export function="createCustomTile" type="client" />
	<export function="destroyCustomTile" type="client" />
	<export function="setCustomTileTexture" type="client" />
	<export function="setCustomTilePosition" type="client" />
	<export function="setCustomTileRotation" type="client" />
	<export function="setCustomTileColor" type="client" />
	<export function="setCustomTileSize" type="client" />
	<export function="setCustomTileBillboard" type="client" />
	<export function="setCustomTileCullMode" type="client" />
	<export function="setTileInterior" type="client" />		

	<export function="createCustomMaterialLine2D" type="client" />	
	<export function="createCustomMaterialBezierLine2D" type="client" />	
	<export function="createCustomMaterialLine3D" type="client" />
	<export function="createCustomMaterialBezierLine3D" type="client" />
	<export function="destroyCustomMaterial" type="client" />	
	<export function="setCustomMaterialPosition" type="client" />	
	<export function="setCustomMaterialPosition1" type="client" />	
	<export function="setCustomMaterialPosition2" type="client" />	
	<export function="setCustomMaterialPosition3" type="client" />	
	<export function="setCustomMaterialPosition4" type="client" />	
	<export function="setCustomMaterialRotation" type="client" />	
	<export function="setCustomMaterialColor" type="client" />	
	<export function="setCustomMaterialSize" type="client" />	
	<export function="setCustomMaterialWidth" type="client" />	
	<export function="setCustomMaterialBillboard" type="client" />	
	<export function="setCustomMaterialCullMode" type="client" />	
	<export function="setCustomMaterialInterior" type="client" />	

	<script src="gps/client/b_sourceC.lua" type="client" cache ="false"/>	
	
		<script src="gps/client/b_sourceS.lua"/>
		
		
    <script src="gps/gps/gps_r.lua" type="client" cache ="false"/>
    <script src="gps/gps/street_g.lua" type="shared" />
    <script src="gps/gps/streetTable_g.lua" type="client" cache="false" />
    <file src="gps/gfx/gtasa.png"/>
	
	
	
	
	
	
	
	
	
	
	
	
	
	
	
	
	
	
	
	
	
	
		<file src="tex/blip2/0.png" type="client"></file>
	<file src="tex/blip2/1.png" type="client"></file>
	<file src="tex/blip2/2.png" type="client"></file>
	<file src="tex/blip2/3.png" type="client"></file>
	<file src="tex/blip2/4.png" type="client"></file>
	<file src="tex/blip2/5.png" type="client"></file>
	<file src="tex/blip2/6.png" type="client"></file>
	<file src="tex/blip2/7.png" type="client"></file>
	<file src="tex/blip2/8.png" type="client"></file>
	<file src="tex/blip2/9.png" type="client"></file>
	<file src="tex/blip2/10.png" type="client"></file>
	<file src="tex/blip2/11.png" type="client"></file>
	<file src="tex/blip2/12.png" type="client"></file>
	<file src="tex/blip2/13.png" type="client"></file>
	<file src="tex/blip2/14.png" type="client"></file>
	<file src="tex/blip2/15.png" type="client"></file>
	<file src="tex/blip2/16.png" type="client"></file>
	<file src="tex/blip2/17.png" type="client"></file>
	<file src="tex/blip2/18.png" type="client"></file>
	<file src="tex/blip2/19.png" type="client"></file>
	<file src="tex/blip2/20.png" type="client"></file>
	<file src="tex/blip2/21.png" type="client"></file>
	<file src="tex/blip2/22.png" type="client"></file>
	<file src="tex/blip2/23.png" type="client"></file>
	<file src="tex/blip2/24.png" type="client"></file>
	<file src="tex/blip2/25.png" type="client"></file>
	<file src="tex/blip2/26.png" type="client"></file>
	<file src="tex/blip2/27.png" type="client"></file>
	<file src="tex/blip2/28.png" type="client"></file>
	<file src="tex/blip2/29.png" type="client"></file>
	<file src="tex/blip2/30.png" type="client"></file>
	<file src="tex/blip2/31.png" type="client"></file>
	<file src="tex/blip2/32.png" type="client"></file>
	<file src="tex/blip2/33.png" type="client"></file>
	<file src="tex/blip2/34.png" type="client"></file>
	<file src="tex/blip2/35.png" type="client"></file>
	<file src="tex/blip2/36.png" type="client"></file>
	<file src="tex/blip2/37.png" type="client"></file>
	<file src="tex/blip2/38.png" type="client"></file>
	<file src="tex/blip2/39.png" type="client"></file>
	<file src="tex/blip2/40.png" type="client"></file>
	<file src="tex/blip2/41.png" type="client"></file>
	<file src="tex/blip2/42.png" type="client"></file>
	<file src="tex/blip2/43.png" type="client"></file>
	<file src="tex/blip2/44.png" type="client"></file>
	<file src="tex/blip2/45.png" type="client"></file>
	<file src="tex/blip2/46.png" type="client"></file>
	<file src="tex/blip2/47.png" type="client"></file>
	<file src="tex/blip2/48.png" type="client"></file>
	<file src="tex/blip2/49.png" type="client"></file>
	<file src="tex/blip2/50.png" type="client"></file>
	<file src="tex/blip2/51.png" type="client"></file>
	<file src="tex/blip2/52.png" type="client"></file>
	<file src="tex/blip2/53.png" type="client"></file>
	<file src="tex/blip2/54.png" type="client"></file>
	<file src="tex/blip2/55.png" type="client"></file>
	<file src="tex/blip2/56.png" type="client"></file>
	<file src="tex/blip2/57.png" type="client"></file>
	<file src="tex/blip2/58.png" type="client"></file>
	<file src="tex/blip2/59.png" type="client"></file>
	<file src="tex/blip2/60.png" type="client"></file>
	<file src="tex/blip2/61.png" type="client"></file>
	<file src="tex/blip2/62.png" type="client"></file>
	<file src="tex/blip2/63.png" type="client"></file>
	<file src="tex/blip2/64.png" type="client"></file>
	<file src="tex/blip2/65.png" type="client"></file>
	
</meta>